Latitude,Longitude,Sample Date,Total Alkalinity,Electrical Conductance,Dissolved Reactive Phosphorus
-32.043333,27.822778,01-09-2014,103.48178900112809,375.4887287551842,29.415632119514473
-33.329167,26.0775,16-09-2015,85.08836643881654,692.9440512668524,31.99328218694886
-32.99163889,27.64002778,07-05-2015,93.94066171003513,432.95342777913453,30.310259418675518
-34.096389,24.439167,07-02-2012,71.60265880905847,426.24982995208177,21.312964285714287
-32.00055556,28.58166667,01-10-2014,63.66982323214812,237.73639364113774,24.90333333333333
-32.08639,25.57556,19-07-2013,159.20732542920882,734.9742303348562,45.076746965947905
-32.00055556,28.58166667,03-09-2014,68.64122976755982,209.43099265553272,25.52594444444444
-32.99163889,27.64002778,02-10-2014,78.45351677669464,432.200696234838,30.068352458112876
-32.00055556,28.58166667,06-08-2014,67.36054784628394,185.27165745531298,23.426087719298245
-33.18536111,27.39075,22-09-2011,89.83567371577635,454.14001269988535,16.349091269841267
-33.731111,24.618333,28-03-2013,46.25499723575971,357.55710478535633,21.13394444444444
-33.731111,24.618333,18-04-2013,42.05974506511102,358.7771647023579,19.359607142857133
-32.00055556,28.58166667,21-11-2012,56.239792837277996,162.63936313137606,18.13813725490196
-32.00055556,28.58166667,09-07-2014,67.7580808117427,177.35888333377505,21.901777777777774
-32.00055556,28.58166667,04-06-2014,69.09016758261548,170.61145637385988,20.706650793650798
-31.905,25.43,03-11-2014,176.3678326300187,785.6321849726187,57.323989010989
-33.731111,24.618333,10-04-2014,47.377948956944934,438.8431196128265,22.28870923520923
-32.08639,25.57556,05-12-2014,153.54037483426504,777.1885395690191,62.19419047619048
-32.043333,27.822778,04-08-2014,107.27996386316224,337.24943165284316,29.068926303181204
-32.515278,28.015556,05-08-2015,87.84720346257403,352.4918789927601,34.509728438228436
-32.043333,27.822778,29-09-2014,102.60690543639436,340.5711173822164,30.891793650793655
-32.99163889,27.64002778,08-03-2011,75.75033598882104,364.7940694668091,17.355709150968682
-32.08639,25.57556,26-04-2013,128.30529228815078,671.6348419913468,60.55181878306879
-32.043333,27.822778,04-07-2011,91.27298279586206,337.2036742597453,16.704349223967466
-32.99163889,27.64002778,22-07-2014,94.87473131480411,464.3043892180305,26.09018182319224
-32.99163889,27.64002778,10-07-2014,95.064774913597,457.06150511510407,25.166292934303346
-32.043333,27.822778,12-05-2014,77.96040730040647,239.62027162781152,18.624807897455753
-33.18536111,27.39075,02-07-2015,76.94881252602842,489.1395357263327,23.696106060606063
-33.731111,24.618333,20-03-2014,48.17064886893391,459.5105042383932,23.749661616161614
-33.18536111,27.39075,31-05-2012,75.32300426199195,397.9598412832652,13.71793792747451
-33.329167,26.0775,08-03-2015,82.13768089893253,556.7777041354668,29.81293939393941
-32.579167,27.366667,07-05-2012,61.571311945920264,398.00190119811566,12.297958291554744
-32.99163889,27.64002778,27-08-2015,91.35275146363112,471.9532203167847,28.804398748481503
-32.08639,25.57556,09-02-2011,103.86840262076481,524.9425846276671,62.11407684862563
-33.329167,26.0775,24-06-2015,86.23194450797055,652.1346653737454,30.85869047619048
-32.043333,27.822778,07-07-2014,98.90055303777888,316.57066145801275,19.19918189102564
-33.731111,24.618333,04-10-2012,47.667990281435635,466.3836770756694,19.934055555555553
-32.043333,27.822778,02-06-2014,93.25224733485325,293.9319598225171,19.29509493449279
-33.731111,24.618333,23-05-2013,52.25164754046153,497.23851201699233,20.119017704517702
-32.043333,27.822778,27-10-2014,102.0344321734887,307.1406668009588,27.39206094631585
-31.903056,25.482222,19-05-2014,152.59272278218714,687.3475772136846,42.750090345286
-32.579167,27.366667,05-03-2012,49.9564461036305,271.1961585161197,13.525430963105961
-32.802778,27.856389,05-05-2014,49.33916408034925,245.2374872199968,26.57421837421838
-32.99163889,27.64002778,02-06-2011,74.18803112334898,397.95590605042,15.003416763661319
-32.99163889,27.64002778,14-01-2011,74.29480502906814,350.8210589277701,17.50825908844445
-32.99163889,27.64002778,30-10-2014,84.84590590991901,392.95336951666235,30.846656250000002
-34.096389,24.439167,12-10-2011,72.905594732023,458.1205282616503,22.08444444444444
-33.18536111,27.39075,18-11-2015,78.37453332775641,453.510781107712,29.57755555555556
-32.99163889,27.64002778,30-07-2015,74.28026231656833,399.89475806774897,31.401420353419788
-32.00055556,28.58166667,29-10-2014,61.206975826917606,172.96200805000294,24.595944444444445
-32.043333,27.822778,04-02-2014,63.28149643255153,207.9590674294525,20.62374154275984
-33.771111,25.386667,04-12-2014,121.91160342064944,470.3673705982939,50.29640407434236
-32.579167,27.366667,29-05-2012,64.86040058699909,373.3919222402348,14.157845369363667
-33.329167,26.0775,06-10-2015,89.44592101441933,674.2230803659967,33.75954409171075
-33.18536111,27.39075,21-10-2013,86.75191980626832,525.3577247253697,26.36640476190476
-32.579167,27.366667,07-07-2014,67.96151184534237,407.18746199601037,19.120930555555553
-32.99163889,27.64002778,28-09-2015,81.46582243310544,397.5000132264333,34.322131393298065
-34.096389,24.439167,26-02-2013,65.90706276256051,470.421487288093,19.66058567358567
-34.096389,24.439167,08-11-2011,53.18272647350193,480.0556257354974,23.666492063492065
-32.99163889,27.64002778,30-06-2011,68.38511472086537,352.45130740314096,15.100852523744782
-32.99163889,27.64002778,10-02-2011,64.38107712979966,326.4360850254676,16.61499162679426
-32.00055556,28.58166667,08-05-2013,56.778320160636454,138.1994449538715,17.02118398268398
-32.99163889,27.64002778,05-05-2014,63.55313128406654,333.4084624567854,22.23384668109668
-33.731111,24.618333,26-02-2014,44.1748532703804,440.3108061310097,22.38966666666666
-31.903056,25.482222,08-03-2011,140.70432693665205,541.7933631576425,56.342666666666666
-33.202778,24.235556,30-05-2011,164.00479308533534,523.1200198316187,36.817517506607956
-32.99163889,27.64002778,13-02-2015,81.36977665623161,383.074558574035,36.04477318295738
-32.515278,28.015556,22-04-2015,76.65295274802418,295.1835875612212,30.994766554433227
-34.096389,24.439167,26-03-2013,70.62862243302416,524.3933289209248,20.559039377289373
-32.08639,25.57556,06-12-2013,143.64448446717978,694.2707932188548,62.74738095238095
-31.905,25.43,29-04-2014,148.27967369175815,646.87692399725,55.82860065814943
-32.043333,27.822778,11-04-2011,73.89290135931877,247.04053879649462,15.107640937715939
-32.043333,27.822778,19-11-2012,95.77040359221387,266.5997366187122,29.256195002158815
-32.605278,25.885,28-02-2014,144.74082429712786,476.5555684503636,51.94876495726495
-33.001667,25.161389,29-01-2014,175.6738936787754,401.40218970397615,46.28874603173492
-33.18536111,27.39075,16-01-2015,84.3066653196007,478.6565327547196,25.72983333333333
-32.99163889,27.64002778,06-05-2011,74.46561230763245,383.1306529779637,16.423579019471276
-32.08639,25.57556,15-08-2014,158.25022987306266,848.0367526880818,54.33792966247844
-32.605278,25.885,28-05-2013,173.40719293434734,569.6197162168337,39.748081608005506
-33.731111,24.618333,09-04-2015,48.62718931740099,473.57666429300735,27.398238095238096
-32.99163889,27.64002778,05-12-2013,87.72434649649384,388.7432250386329,32.59839170506912
-32.08639,25.57556,08-11-2012,160.73514937812388,823.3515857834698,51.58038558201059
-32.99163889,27.64002778,16-01-2015,89.20180365041482,421.2326163237628,34.06742397660819
-32.579167,27.366667,09-03-2011,47.95076384427675,283.25477307158667,14.056885807656393
-32.802778,27.856389,02-10-2014,62.504068095754405,291.55435847038376,27.671341269841268
-32.99163889,27.64002778,07-03-2013,73.97218359130505,352.619350267791,18.431449622989096
-32.99163889,27.64002778,05-04-2012,60.982728338992615,329.0785895779054,15.943985209235207
-32.99163889,27.64002778,26-07-2012,76.13769757103927,407.90815084252745,16.98623365971954
-32.605278,25.885,06-11-2014,192.6279033756183,672.5188940159745,45.22214030740501
-32.605278,25.885,30-01-2014,152.7667491546224,517.1881051894461,52.124222222222215
-32.605278,25.885,16-08-2012,205.21934096011657,717.4366572277847,44.26406812232601
-34.096389,24.439167,05-02-2014,62.64960345953378,492.7392758927127,20.713765567765563
-32.99163889,27.64002778,07-02-2014,65.26516437150846,327.30660063161974,21.27611276706324
-33.094444,25.012778,08-10-2014,172.1333441833513,406.4205509799025,38.570103513770185
-32.043333,27.822778,09-05-2011,74.51200139082157,258.91606848043295,13.713486368578687
-34.096389,24.439167,16-09-2015,50.217465126554615,490.37193913835966,29.14894444444445
-33.001667,25.161389,05-02-2015,167.96508762152087,431.1137886960048,37.23871825389882
-32.605278,25.885,15-07-2013,190.43452995430673,682.508943694605,37.25131879655942
-32.043333,27.822778,04-06-2012,92.24670372263844,283.37043671165685,14.023022099544205
-32.515278,28.015556,13-01-2014,76.48292962006707,253.71418724947085,19.760247474747477
-32.99163889,27.64002778,30-05-2013,78.7943710793592,404.4286026839983,17.008004076533485
-32.08639,25.57556,09-04-2015,108.28249014687555,595.9918646308826,62.8706216931217
-33.731111,24.618333,24-04-2014,39.63390227277718,435.0407603871663,24.178111111111107
-32.00055556,28.58166667,09-04-2014,58.34965553772787,141.72548369374124,20.869485569985567
-32.08639,25.57556,08-05-2015,140.77248901803918,637.8187870740759,43.21320662915737
-32.605278,25.885,08-11-2013,204.99957310636034,687.0608682697167,43.63562953060011
-33.731111,24.618333,08-03-2015,53.09857217970012,503.0488047999821,27.639952380952376
-32.99163889,27.64002778,27-05-2014,75.81787694146422,378.9027355287613,22.151191296720707
-32.515278,28.015556,06-06-2011,70.43899577498523,244.37036049644587,17.417178759159622
-32.605278,25.885,19-06-2013,179.46809624195618,588.7621664509683,33.912116943874835
-32.043333,27.822778,21-10-2013,106.65985423043688,316.02141842301484,28.736222680097683
-31.905,25.43,10-09-2013,207.23356525711006,811.4502052168084,48.011363432087634
-32.99163889,27.64002778,24-01-2012,77.53348343807306,348.1745735947776,17.25998715861989
-32.043333,27.822778,07-04-2014,72.16800370406827,200.5823503136707,19.416391256974777
-32.00055556,28.58166667,06-07-2011,59.6326313603939,178.92773768863196,16.076945887445888
-33.18536111,27.39075,28-09-2015,80.71897670477944,461.7867416246354,25.782512345679017
-32.605278,25.885,10-09-2013,209.34238060807343,712.9981369267028,44.54495165945166
-31.905,25.43,14-08-2013,195.7512245555812,788.4528878699306,47.85419175735715
-33.18536111,27.39075,22-07-2014,77.97632703218031,484.81561851110075,25.71646732026144
-32.043333,27.822778,07-05-2012,86.92977713265508,297.4508403624544,12.250975407467665
-32.08639,25.57556,19-07-2012,118.63688944417518,785.3581745981433,43.157338192655985
-33.001667,25.161389,17-09-2014,203.08865921609936,765.3913803819497,44.35788544172432
-31.905,25.43,06-07-2011,168.66420084037418,726.9842595682574,44.57935154735685
-32.08639,25.57556,05-03-2013,142.76004738551586,585.7229127686251,56.758589285715665
-33.18536111,27.39075,29-10-2015,78.73609517159707,448.94646410707276,27.265833333333337
-32.08639,25.57556,03-12-2012,149.97035625939225,802.111960703548,61.92346296296296
-32.99163889,27.64002778,31-05-2012,83.10096971734379,406.6323427533165,24.276485043691945
-31.905,25.43,17-07-2013,196.62844345474224,815.7107743710706,37.799159741041855
-31.903056,25.482222,25-04-2012,145.02665552554805,690.2656911959267,49.855706349206336
-34.096389,24.439167,25-03-2014,64.96366698068485,503.1514134977542,24.382773504273505
-33.094444,25.012778,23-07-2015,144.70559635825322,359.05462689712226,30.732629629629628
-32.802778,27.856389,01-06-2015,68.5103826953706,347.33539466471416,28.74572763347763
-34.096389,24.439167,12-11-2015,49.97729794855051,422.6342634663037,32.780555555555544
-32.99163889,27.64002778,18-11-2015,79.30206854374617,370.13870502041317,40.88868464841654
-32.08639,25.57556,10-03-2011,110.36357115359762,601.9530972501816,64.57767208672087
-33.329167,26.0775,22-07-2015,83.27717094672192,639.0606589129287,32.4180266955267
-33.731111,24.618333,26-07-2012,39.54380102733691,458.2953395445586,19.240999999999996
-32.605278,25.885,03-12-2012,187.2477220327212,656.9422403480562,51.99063003663002
-33.094444,25.012778,28-05-2015,142.28250138040553,373.52147432991126,27.830265432093206
-34.0325,24.196389,08-11-2011,50.39314590364866,393.19608887122627,20.10497456247456
-32.515278,28.015556,14-05-2014,68.21987500774861,247.66064756490113,21.77894444444445
-33.18536111,27.39075,20-09-2012,66.7091659411511,352.2025483823732,20.079982492997203
-33.329167,26.0775,28-05-2014,57.158917644098544,547.4130428503659,20.641142328042328
-33.731111,24.618333,07-05-2015,53.69269678607485,492.2616739714739,28.190375901875893
-31.905,25.43,12-03-2012,163.75318578928676,654.0636155890029,52.16804595729475
-32.761111,26.629444,22-04-2014,145.83858850798464,526.0956032470834,40.06555555555556
-32.761111,26.629444,26-05-2014,145.76036189753802,578.5893805174236,39.99926666666667
-32.802778,27.856389,24-08-2015,71.79896504199485,341.6637027199518,28.401918430335094
-32.99163889,27.64002778,24-11-2011,91.06276434972482,433.5129450045496,27.641297658862882
-32.579167,27.366667,27-05-2014,60.79901381416013,367.4669938279668,20.654875
-32.802778,27.856389,30-10-2014,67.8013162368632,238.73639497727993,29.171333333333326
-32.99163889,27.64002778,15-11-2012,73.18663418204177,346.2443940427841,24.50559535225675
-32.515278,28.015556,08-05-2013,65.62019470625782,242.5937238899508,19.08214162512793
-32.605278,25.885,10-10-2013,216.8560788115215,713.6387683004922,48.64963492063492
-32.579167,27.366667,04-03-2014,46.78658031814017,264.19135039066936,18.45232636165577
-32.515278,28.015556,19-01-2011,65.26115248853073,235.54189905379928,20.474487485694382
-32.515278,28.015556,10-04-2014,70.36789136859393,232.34996496342853,22.671986440943275
-34.096389,24.439167,07-01-2014,103.14867446885725,491.590042854727,44.08305555555555
-33.18536111,27.39075,28-06-2012,67.27105110587445,416.04098962300185,13.879105176645407
-33.771111,25.386667,08-11-2013,118.47835668266626,440.4409733740536,45.18853952252943
-34.096389,24.439167,09-03-2011,71.99663653848455,427.5936226246013,24.07777777777778
-31.903056,25.482222,03-12-2012,161.31249354098492,783.6250593152495,50.57054761904762
-31.905,25.43,07-10-2013,209.54103101923582,835.9599495995659,50.51332626600171
-33.506389,26.744722,06-10-2015,112.09939983170187,649.5986378798548,31.207888888888885
-33.731111,24.618333,27-03-2013,47.24980151587732,438.62165945252787,20.178333333333335
-32.173889,27.3725,04-04-2013,60.971276073400645,215.05296664296503,19.80727513227513
-33.771111,25.386667,06-12-2013,130.97274317752098,423.0231221617856,41.13603713280184
-33.001667,25.161389,23-07-2015,158.070230492018,732.042938764914,35.02516402117811
-32.579167,27.366667,07-02-2011,46.13467947144646,277.93374121149697,13.683725012025013
-33.18536111,27.39075,10-07-2014,78.69707597083925,496.93859769663743,25.712833333333332
-32.802778,27.856389,04-09-2014,76.437228629138,296.9490968878776,26.48878571428571
-32.713889,26.296667,31-01-2013,121.30727123253331,527.131997136673,31.73983566760037
-32.802778,27.856389,04-05-2015,69.56245435634472,283.1657220844117,32.50772326438993
-32.99163889,27.64002778,04-09-2014,92.52183604596064,438.2205608419051,27.207181823192236
-31.905,25.43,04-03-2013,179.8702547386065,704.1120500142833,45.74028296321192
-33.001667,25.161389,09-01-2014,123.98551419428964,671.1237321778701,33.43522222222222
-32.99163889,27.64002778,16-12-2015,92.3827326754326,382.68754615202346,43.30590687063876
-33.329167,26.0775,06-05-2011,55.81884032477868,500.3268942339301,16.826993697478994
-33.771111,25.386667,27-05-2015,147.03953673162505,419.51751411441955,49.36609540471299
-32.605278,25.885,06-11-2012,184.39144326800923,653.9891759056255,45.38014030740501
-33.18536111,27.39075,04-12-2012,67.06487214257683,323.3373880795514,25.568801282051282
-33.18536111,27.39075,15-11-2012,66.39669526299649,315.12392829735415,24.819415032679743
-32.043333,27.822778,13-07-2015,107.28007862588149,300.60646232378156,32.909239962651725
-32.00055556,28.58166667,19-01-2011,49.024963322475685,121.96207205670285,15.960564935064937
-33.506389,26.744722,24-06-2015,120.4270220865223,632.1439220162547,31.231444444444453
-33.731111,24.618333,21-06-2012,44.00849119465688,461.17530853410545,17.85924561875106
-32.515278,28.015556,22-02-2012,60.804090023902276,224.51555390341423,21.119795566502464
-34.096389,24.439167,23-04-2014,65.14073567277842,411.9232681770368,24.288111111111107
-32.515278,28.015556,01-12-2014,78.65371131427955,267.87740278276306,38.373175740276615
-32.99163889,27.64002778,16-01-2014,73.87786342839249,337.2931587831452,21.423691431862487
-33.202778,24.235556,12-09-2011,207.55484036340127,661.5823342549105,45.85767699551909
-31.905,25.43,28-12-2015,180.37344555940206,734.5974113519683,40.58824833808167
-33.23778,26.99472,08-11-2012,116.36330281506287,565.2668578706727,54.239615384615384
-31.905,25.43,19-05-2014,164.6593693960516,693.1194755343071,47.3013556616001
-33.506389,26.744722,18-08-2015,114.1024486947787,639.4683376005697,30.421673961840636
-33.771111,25.386667,06-12-2012,122.06357235515404,390.27150772144705,52.73775099206349
-33.18536111,27.39075,04-09-2014,79.89779401885448,487.2149784785313,24.241865079365077
-32.043333,27.822778,28-09-2015,98.20500586522886,272.65654246969626,31.9840987135595
-33.001667,25.161389,08-01-2015,152.84065557274113,775.6833709967525,47.2286111111
-33.23778,26.99472,27-03-2013,137.2699689933515,547.0853133498559,31.314573552037
